order_id,customer_id,product_id,order_date,quantity,payment_method,total_amount
O001,101,P001,2026-04-01,1,UPI,55000
O002,102,P002,2026-04-02,2,Card,50000
O003,103,P003,2026-04-03,3,UPI,6000
O004,104,P004,2026-04-05,2,Cash,3000
O005,105,P005,2026-04-07,4,UPI,3200
O006,106,P006,2026-04-10,1,Card,12000
O007,107,P002,2026-04-12,1,UPI,25000
O008,108,P003,2026-04-15,2,Card,4000
O009,101,P005,2026-05-01,3,UPI,2400
O010,102,P001,2026-05-03,1,Card,55000
O011,103,P004,2026-05-05,5,Cash,7500
O012,104,P002,2026-05-08,2,UPI,50000
O013,105,P006,2026-05-10,1,Card,12000
O014,106,P003,2026-05-12,4,UPI,8000
O015,107,P001,2026-05-15,1,Card,55000
O016,108,P005,2026-05-18,5,Cash,4000
