order_id,customer_id,product_id,order_date,quantity,payment_method
O001,101,P001,2026-04-01,1,UPI
O002,102,P002,2026-04-02,2,Card
O003,103,P003,2026-04-03,3,UPI
O004,104,P004,2026-04-05,2,Cash
O005,105,P005,2026-04-07,4,UPI
O006,106,P006,2026-04-10,1,Card
O007,107,P002,2026-04-12,1,UPI
O008,108,P003,2026-04-15,2,Card
O009,101,P005,2026-05-01,3,UPI
O010,102,P001,2026-05-03,1,Card
O011,103,P004,2026-05-05,5,Cash
O012,104,P002,2026-05-08,2,UPI
O013,105,P006,2026-05-10,1,Card
O014,106,P003,2026-05-12,4,UPI
O015,107,P001,2026-05-15,1,Card
O016,108,P005,2026-05-18,5,Cash